{
    "condition": "entity_properties",
    "entity": "this",
    "predicate": {
        "distance": {
            "x": {
                "min": -0.49999999999999,
                "max": 0.49999999999999
            },
            "y": {
                "min": 0.0,
                "max": 0.99999999999999
            },
            "z": {
                "min": -0.49999999999999,
                "max": 0.49999999999999
            }
        }
    }
}